name,loc_x,loc_y,loc_z,rot_x_rad,rot_y_rad,rot_z_rad,scale_x,scale_y,scale_z
House_1,-3.47998,37.782135,19.883497,0.076562,0,0,1,1,1
House_2,28.608505,25.132233,19.988026,0,0,-0.087266,1,1,1
House_3,-1.085052,11.410263,18.016682,0,0,2.617994,1,1,1
House_4,15.546799,-22.295441,17.172916,0,0,1.570796,1,1,1
House_5,-38.789162,-4.129639,16.469309,-0.075963,0,-3.141593,1,1,1
House_2,-26.54158,-20.159241,15.973432,0,0,2.356194,1,1,1
House_3,36.442902,-10.70195,19.164352,0,0.060441,3.141594,1,1,1
House_4,-23.077492,24.060837,18.616396,0,0,-0.349066,1,1,1
